EmployeeID,Name,Department,Salary,Experience,Age,City,,,,,,
101,Rahul,IT,50000,2,24,Chennai,,,,,,
102,Priya,HR,45000,3,26,Bangalore,,,,,,
103,Arun,Finance,60000,5,30,Hyderabad,,,,,,
104,Zara,IT,70000,7,32,Mumbai,,,,,,
105,Karan,Sales,55000,4,28,Delhi,,,,,,
106,Sneha,HR,48000,2,25,Chennai,,,,,,
107,Ajay,Finance,65000,6,31,Pune,,,,,,
108,Meena,Sales,52000,3,27,Bangalore,,,,,,
109,Ravi,IT,75000,8,34,Chennai,,,,,,
110,Anjali,Marketing,58000,4,29,Mumbai,,,,,,
111,Vikram,Sales,62000,5,30,Delhi,,,,,,
112,Divya,HR,47000,2,24,Chennai,,,,,,
113,Suresh,Finance,68000,7,33,Hyderabad,,,,,,
114,Nisha,Marketing,59000,4,28,Pune,,,,,,
115,Karthik,IT,72000,6,31,Bangalore,,,,,,
116,Pooja,HR,49000,3,26,Mumbai,,,,,,
117,Manoj,Sales,56000,4,29,Delhi,,,,,,
118,Asha,Finance,64000,5,30,Chennai,,,,,,
119,Rohan,Marketing,61000,5,32,Pune,,,,,,
120,Keerthi,IT,78000,9,35,Hyderabad,,,,,,
